{"cluster_labels": ["cluster_0", "cluster_1", "cluster_2"], "proportions": [], "cluster_sizes": [347, 3379, 14481], "levels": [], "num_names": ["Acceleration", "Age", "Aggression", "Agility", "Balance", "BallControl", "CAM", "CB", "CDM", "CF", "CM", "Composure", "Crossing", "Curve", "Dribbling", "FKAccuracy", "Finishing", "GK", "HeadingAccuracy", "Height", "Interceptions", "Jumping", "LAM", "LB", "LCB", "LCM", "LDM", "LF", "LM", "LS", "LW", "LWB", "Lean", "Left", "LongPassing", "LongShots", "Marking", "Normal", "Penalties", "Positioning", "RAM", "RB", "RCB", "RCM", "RDM", "RF", "RM", "RS", "RW", "RWB", "Reactions", "Right", "ST", "ShortPassing", "ShotPower", "SlidingTackle", "SprintSpeed", "Stamina", "StandingTackle", "Stocky", "Strength", "Vision", "Volleys", "Wage_Euro", "Weight_LBS", "col_67", "col_68", "col_69", "col_70", "col_71"], "cluster_proportions": [[], [], []], "num_std_devs": [18.89328964578064, 4.66994271341433, 17.222168410065482, 17.45576258212937, 16.668052073043057, 17.672994993652363, 0.2232740500775215, 0.2968554166627343, 0.22217005254357705, 0.06362447698911605, 0.2659056271545303, 17.356208353371056, 0.32382112133150703, 19.510510187077795, 18.347852634737578, 17.359445234375865, 0.5000131817505173, 0.3144141962969187, 0.31167788545142144, 0.4359723990468393, 11.80713770903577, 14.631590577470293, 0.03394312124539923, 0.25950145351733866, 0.18527248518974998, 0.14568955800678932, 0.11475673797714367, 0.02869190524424738, 0.23775572325311456, 0.10602174793540027, 0.14314064624933598, 0.06531422237199068, 0.4777961990019995, 0.4216655515827379, 14.682632976268648, 14.11837563195978, 20.690902254554157, 0.493248042602678, 19.24322203500501, 15.87566589673088, 0.033943121245397535, 0.25667613674725104, 0.18718852220848853, 0.14496628695932115, 0.11591521640220799, 0.02963205785608879, 0.240679311667157, 0.10500405137375042, 0.14110269312197626, 0.06896238260694866, 15.315058978676646, 0.4233341695328317, 0.32670683336248413, 0.08224691527546694, 14.909099292619235, 14.130187575190597, 18.379389228590274, 14.750333371142844, 19.51852050983597, 0.24227274200284288, 8.998582467226166, 12.54119351118676, 7.075510907395019, 21999.290405991298, 0.10241351412981733, 15.683355093022149, 11.42125771369214, 19.88883702327271, 21.65577267878033, 21.279634234439904], "cluster_num_averages": [[72.06051873198847, 27.054755043227665, 71.88760806916426, 57.91066282420749, 75.87319884726224, 60.164265129682995, 0.06051873198847262, 0.07204610951008646, 0.04610951008645533, 0.002881844380403458, 0.08645533141210375, 68.56772334293949, 0.1037463976945245, 60.737752161383284, 65.63688760806916, 64.19884726224784, 0.521613832853026, 0.08069164265129683, 0.14697406340057637, 0.21613832853025935, 71.16138328530259, 72.48414985590779, 0.002881844380403458, 0.06628242074927954, 0.04610951008645533, 0.0345821325648415, 0.020172910662824207, 0.005763688760806916, 0.05187319884726225, 0.01440922190201729, 0.03170028818443804, 0.0, 0.3919308357348703, 0.24495677233429394, 75.58789625360231, 69.07780979827089, 60.293948126801155, 0.5504322766570605, 64.39481268011528, 73.55331412103746, 0.002881844380403458, 0.05187319884726225, 0.05187319884726225, 0.03170028818443804, 0.011527377521613832, 0.005763688760806916, 0.05763688760806916, 0.008645533141210375, 0.040345821325648415, 0.002881844380403458, 69.20749279538904, 0.7550432276657061, 0.11239193083573487, 0.002881844380403458, 71.78962536023054, 71.30547550432277, 64.53314121037464, 71.90201729106629, 65.82997118155619, 0.05187319884726225, 80.45821325648414, 71.59942363112393, 77.13256484149856, 129086.4553314121, 0.008645533141210375, 61.46974063400577, 77.98847262247838, 59.48414985590778, 59.10374639769452, 55.829971181556196], [64.98401894051494, 26.754069251257768, 65.29002663509914, 51.522935779816514, 68.18111867416395, 52.25658478839893, 0.05682154483575022, 0.07517016868896123, 0.05238236164545724, 0.005918910920390648, 0.06037289138798461, 63.83131103876887, 0.11749038176975436, 54.521456052086414, 59.13820656999112, 59.87955016277005, 0.501923646049127, 0.06954720331459012, 0.11453092630955904, 0.24948209529446583, 68.24977804084048, 68.38502515537141, 0.0023675643681562593, 0.06451612903225806, 0.04439183190292986, 0.0319621189701095, 0.014501331754957087, 0.0011837821840781297, 0.0656999112163362, 0.01982835158330867, 0.022787807043503996, 0.0056229653743711154, 0.3515833086712045, 0.2465226398342705, 67.85883397454869, 65.93903521751997, 53.93163657886949, 0.5741343592778929, 57.58626812666469, 69.1953240603729, 0.003551346552234389, 0.06747558449245339, 0.047055341817105655, 0.02929860905593371, 0.021604024859425867, 0.0017756732761171944, 0.06747558449245339, 0.01864456939923054, 0.023971589227582125, 0.0056229653743711154, 61.71411660254513, 0.7534773601657295, 0.12044983722994969, 0.008286475288546907, 68.19769162474105, 62.34773601657295, 57.41757916543356, 68.11630659958567, 59.35424681858538, 0.07428233205090264, 70.62030186445693, 69.41402781888132, 76.31311038768867, 25643.385617046464, 0.008286475288546907, 55.809411068363424, 68.5273749630068, 53.4317845516425, 53.995264871263686, 51.10565255992897], [52.763206960845245, 24.695117740487536, 52.8042952834749, 40.47904150265865, 55.68254954768317, 40.33126165320075, 0.05144672329259029, 0.10351495062495684, 0.05213728333678613, 0.003659968234237967, 0.08010496512671776, 53.74697879980664, 0.11974311166355915, 43.135073544644705, 47.19280436433948, 50.26282715282094, 0.4981009598784614, 0.1216766797873075, 0.10682963883709688, 0.2574407844762102, 64.22277467025758, 63.698363372695255, 0.0008286720530350114, 0.0746495407775706, 0.03328499413023962, 0.01899040121538568, 0.01291347282646226, 0.0006215040397762585, 0.05904288377874456, 0.009322560596643879, 0.020233409294938196, 0.004074304260755473, 0.3519093985222015, 0.22740142255369106, 56.15910503418272, 63.39389544920931, 44.74532145570058, 0.5845590774117809, 44.28734203438989, 61.593881638008426, 0.0005524480353566743, 0.07216352461846558, 0.03349216214349838, 0.019404737241903183, 0.011808576755748913, 0.0005524480353566743, 0.06049305987155583, 0.009460672605483047, 0.01899040121538568, 0.0046267522961121466, 50.24687521580002, 0.7692838892341689, 0.12195290380498584, 0.006560320419860507, 63.617153511497825, 50.899454457565085, 44.39969615358056, 62.24756577584421, 47.435605275878736, 0.06014777984945791, 59.341343829846004, 64.21303777363441, 75.00491928220052, 3158.3454181341067, 0.011187072715972654, 46.54623299495891, 55.88412402458394, 45.59629859816311, 46.01574476900767, 44.20488916511291]], "total_size": 18207, "cat_names": [],