{"cluster_labels": ["cluster_0", "cluster_1", "cluster_2", "cluster_3", "cluster_4"], "proportions": [], "cluster_sizes": [14737, 171, 777, 31, 2491], "levels": [], "num_names": ["Acceleration", "Age", "Aggression", "Agility", "Balance", "BallControl", "CAM", "CB", "CDM", "CF", "CM", "Composure", "Crossing", "Curve", "Dribbling", "FKAccuracy", "Finishing", "GK", "HeadingAccuracy", "Height", "Interceptions", "Jumping", "LAM", "LB", "LCB", "LCM", "LDM", "LF", "LM", "LS", "LW", "LWB", "Lean", "Left", "LongPassing", "LongShots", "Marking", "Normal", "Penalties", "Positioning", "RAM", "RB", "RCB", "RCM", "RDM", "RF", "RM", "RS", "RW", "RWB", "Reactions", "Right", "ST", "ShortPassing", "ShotPower", "SlidingTackle", "SprintSpeed", "Stamina", "StandingTackle", "Stocky", "Strength", "Vision", "Volleys", "Wage_Euro", "Weight_LBS", "col_67", "col_68", "col_69", "col_70", "col_71"], "cluster_proportions": [[], [], [], [], []], "num_std_devs": [18.89328964578064, 4.66994271341433, 17.222168410065482, 17.45576258212937, 16.668052073043057, 17.672994993652363, 0.2232740500775215, 0.2968554166627343, 0.22217005254357705, 0.06362447698911605, 0.2659056271545303, 17.356208353371056, 0.32382112133150703, 19.510510187077795, 18.347852634737578, 17.359445234375865, 0.5000131817505173, 0.3144141962969187, 0.31167788545142144, 0.4359723990468393, 11.80713770903577, 14.631590577470293, 0.03394312124539923, 0.25950145351733866, 0.18527248518974998, 0.14568955800678932, 0.11475673797714367, 0.02869190524424738, 0.23775572325311456, 0.10602174793540027, 0.14314064624933598, 0.06531422237199068, 0.4777961990019995, 0.4216655515827379, 14.682632976268648, 14.11837563195978, 20.690902254554157, 0.493248042602678, 19.24322203500501, 15.87566589673088, 0.033943121245397535, 0.25667613674725104, 0.18718852220848853, 0.14496628695932115, 0.11591521640220799, 0.02963205785608879, 0.240679311667157, 0.10500405137375042, 0.14110269312197626, 0.06896238260694866, 15.315058978676646, 0.4233341695328317, 0.32670683336248413, 0.08224691527546694, 14.909099292619235, 14.130187575190597, 18.379389228590274, 14.750333371142844, 19.51852050983597, 0.24227274200284288, 8.998582467226166, 12.54119351118676, 7.075510907395019, 21999.290405991298, 0.10241351412981733, 15.683355093022149, 11.42125771369214, 19.88883702327271, 21.65577267878033, 21.279634234439904], "cluster_num_averages": [[52.922304403881384, 24.725656510823097, 52.98351089095474, 40.65929293614711, 55.84386238718871, 40.49901608197055, 0.0520458709370971, 0.10300603922100834, 0.05211372735292122, 0.0037321028703263892, 0.07959557576168827, 53.84406595643618, 0.12024156884033385, 43.30793241500984, 47.359164008957045, 50.37843523105109, 0.4975232408224198, 0.12098798941439913, 0.10646671642803827, 0.2577186672999932, 64.2611114880912, 63.769288186198004, 0.000814276989889394, 0.07443848815905543, 0.033181787337992805, 0.01913550926240076, 0.013096288254054421, 0.0006107077424170455, 0.059374363846101647, 0.00956775463120038, 0.020289068331410736, 0.004003528533622854, 0.3515640903847459, 0.22854040849562327, 56.298703942457756, 63.44065956436181, 44.8078306303861, 0.5847865915722331, 44.48300196783606, 61.688131912872365, 0.0007464205740652779, 0.07192780077356314, 0.03345321300128927, 0.019339078509873108, 0.012078442016692678, 0.0006107077424170455, 0.060663635746759856, 0.009432041799552147, 0.019067652846576643, 0.004546379860215784, 50.38494944697021, 0.7682024835448191, 0.12214154848340911, 0.006649928750763385, 63.693289000475, 51.05238515301622, 44.593540069213546, 62.34776413109859, 47.59218294089706, 0.060324353667639274, 59.48184840876705, 64.26050078034878, 75.01885764858056, 3311.935943543462, 0.011264165026803285, 46.68765691796159, 56.04763520390853, 45.63669674967768, 46.05944222026193, 44.234172491009026], [73.3859649122807, 27.23391812865497, 73.22222222222223, 59.53216374269006, 77.12280701754386, 62.29824561403509, 0.07602339181286549, 0.08771929824561403, 0.03508771929824561, 0.0, 0.0935672514619883, 69.47953216374269, 0.08771929824561403, 61.80701754385965, 66.69005847953217, 65.47368421052632, 0.49707602339181284, 0.06432748538011696, 0.13450292397660818, 0.2631578947368421, 71.65497076023392, 73.52046783625731, 0.0, 0.05263157894736842, 0.05263157894736842, 0.04093567251461988, 0.011695906432748537, 0.005847953216374269, 0.04678362573099415, 0.017543859649122806, 0.023391812865497075, 0.0, 0.4327485380116959, 0.25146198830409355, 77.00584795321637, 70.01754385964912, 61.91228070175438, 0.5321637426900585, 65.74269005847954, 74.78947368421052, 0.005847953216374269, 0.04678362573099415, 0.06432748538011696, 0.011695906432748537, 0.011695906432748537, 0.005847953216374269, 0.06432748538011696, 0.005847953216374269, 0.07017543859649122, 0.005847953216374269, 70.08187134502924, 0.7485380116959064, 0.09941520467836257, 0.0, 72.7953216374269, 72.11111111111111, 65.78947368421052, 72.7719298245614, 67.32748538011695, 0.03508771929824561, 81.62573099415205, 71.11111111111111, 76.59649122807018, 137374.26900584795, 0.017543859649122806, 62.824561403508774, 78.89473684210526, 61.91228070175438, 60.824561403508774, 57.30994152046784], [68.33075933075934, 26.72200772200772, 68.32818532818533, 52.88288288288288, 71.53667953667954, 55.414414414414416, 0.0489060489060489, 0.07464607464607464, 0.05019305019305019, 0.007722007722007722, 0.0682110682110682, 67.16216216216216, 0.10553410553410554, 56.602316602316606, 61.57271557271557, 61.98970398970399, 0.5212355212355212, 0.07335907335907337, 0.13384813384813385, 0.22393822393822393, 70.05662805662806, 70.2908622908623, 0.0, 0.07335907335907337, 0.04633204633204633, 0.029601029601029602, 0.01287001287001287, 0.0, 0.06177606177606178, 0.019305019305019305, 0.02702702702702703, 0.002574002574002574, 0.36164736164736166, 0.22007722007722008, 71.18275418275418, 67.08494208494209, 57.082368082368085, 0.5727155727155727, 60.12355212355212, 71.19047619047619, 0.0, 0.07207207207207207, 0.04247104247104247, 0.032175032175032175, 0.023166023166023165, 0.0, 0.059202059202059204, 0.021879021879021878, 0.032175032175032175, 0.003861003861003861, 64.5971685971686, 0.7799227799227799, 0.11711711711711711, 0.010296010296010296, 69.83655083655084, 65.71685971685972, 60.31788931788932, 69.75804375804375, 62.01029601029601, 0.06563706563706563, 74.73616473616474, 70.86743886743886, 77.28828828828829, 54613.899613899615, 0.005148005148005148, 57.53796653796654, 72.7104247104247, 56.76061776061776, 56.44916344916345, 53.6061776061776], [77.54838709677419, 28.548387096774192, 75.83870967741936, 68.64516129032258, 81.90322580645162, 69.06451612903226, 0.0, 0.0, 0.06451612903225806, 0.0, 0.0, 64.61290322580645, 0.25806451612903225, 73.54838709677419, 71.25806451612904, 64.25806451612904, 0.5483870967741935, 0.0967741935483871, 0.0967741935483871, 0.06451612903225806, 70.54838709677419, 74.58064516129032, 0.03225806451612903, 0.06451612903225806, 0.0, 0.06451612903225806, 0.06451612903225806, 0.03225806451612903, 0.03225806451612903, 0.03225806451612903, 0.0967741935483871, 0.0, 0.2903225806451613, 0.2903225806451613, 80.61290322580645, 72.83870967741936, 54.96774193548387, 0.5806451612903226, 73.16129032258064, 77.3225806451613, 0.0, 0.0, 0.06451612903225806, 0.0967741935483871, 0.0, 0.03225806451612903, 0.03225806451612903, 0.03225806451612903, 0.0, 0.0, 74.87096774193549, 0.7096774193548387, 0.16129032258064516, 0.03225806451612903, 75.80645161290323, 80.29032258064517, 73.61290322580645, 77.87096774193549, 75.96774193548387, 0.06451612903225806, 87.2258064516129, 72.48387096774194, 77.64516129032258, 307903.22580645164, 0.0, 69.70967741935483, 84.70967741935483, 53.774193548387096, 51.96774193548387, 47.96774193548387], [64.50742673625051, 26.781613809714973, 64.80851063829788, 51.29425933360096, 67.75150541951024, 51.707747892412684, 0.056202328382175835, 0.07507025291047772, 0.053392211963067045, 0.005218787635487756, 0.061019670814933764, 63.516659975913285, 0.11641910879164993, 