{"cluster_labels": ["node_14", "node_91", "node_92", "node_93", "node_94"], "proportions": [], "cluster_sizes": [1, 33, 17864, 292, 17], "levels": [], "num_names": ["Acceleration", "Age", "Aggression", "Agility", "Balance", "BallControl", "CAM", "CB", "CDM", "CF", "CM", "Composure", "Crossing", "Curve", "Dribbling", "FKAccuracy", "Finishing", "GK", "HeadingAccuracy", "Height", "Interceptions", "Jumping", "LAM", "LB", "LCB", "LCM", "LDM", "LF", "LM", "LS", "LW", "LWB", "Lean", "Left", "LongPassing", "LongShots", "Marking", "Normal", "Penalties", "Positioning", "RAM", "RB", "RCB", "RCM", "RDM", "RF", "RM", "RS", "RW", "RWB", "Reactions", "Right", "ST", "ShortPassing", "ShotPower", "SlidingTackle", "SprintSpeed", "Stamina", "StandingTackle", "Stocky", "Strength", "Vision", "Volleys", "Wage_Euro", "Weight_LBS", "col_67", "col_68", "col_69", "col_70", "col_71"], "cluster_proportions": [[], [], [], [], []], "num_std_devs": [18.89328964578064, 4.66994271341433, 17.222168410065482, 17.45576258212937, 16.668052073043057, 17.672994993652363, 0.2232740500775215, 0.2968554166627343, 0.22217005254357705, 0.06362447698911605, 0.2659056271545303, 17.356208353371056, 0.32382112133150703, 19.510510187077795, 18.347852634737578, 17.359445234375865, 0.5000131817505173, 0.3144141962969187, 0.31167788545142144, 0.4359723990468393, 11.80713770903577, 14.631590577470293, 0.03394312124539923, 0.25950145351733866, 0.18527248518974998, 0.14568955800678932, 0.11475673797714367, 0.02869190524424738, 0.23775572325311456, 0.10602174793540027, 0.14314064624933598, 0.06531422237199068, 0.4777961990019995, 0.4216655515827379, 14.682632976268648, 14.11837563195978, 20.690902254554157, 0.493248042602678, 19.24322203500501, 15.87566589673088, 0.033943121245397535, 0.25667613674725104, 0.18718852220848853, 0.14496628695932115, 0.11591521640220799, 0.02963205785608879, 0.240679311667157, 0.10500405137375042, 0.14110269312197626, 0.06896238260694866, 15.315058978676646, 0.4233341695328317, 0.32670683336248413, 0.08224691527546694, 14.909099292619235, 14.130187575190597, 18.379389228590274, 14.750333371142844, 19.51852050983597, 0.24227274200284288, 8.998582467226166, 12.54119351118676, 7.075510907395019, 21999.290405991298, 0.10241351412981733, 15.683355093022149, 11.42125771369214, 19.88883702327271, 21.65577267878033, 21.279634234439904], "cluster_num_averages": [[97.0, 31.0, 85.0, 94.0, 96.0, 86.0, 0.0, 0.0, 0.0, 0.0, 0.0, 48.0, 1.0, 95.0, 84.0, 70.0, 0.0, 0.0, 0.0, 0.0, 68.0, 86.0, 0.0, 0.0, 0.0, 0.0, 0.0, 0.0, 0.0, 0.0, 0.0, 0.0, 0.0, 1.0, 90.0, 95.0, 22.0, 0.0, 94.0, 72.0, 0.0, 0.0, 0.0, 0.0, 0.0, 1.0, 0.0, 0.0, 0.0, 0.0, 87.0, 0.0, 0.0, 0.0, 91.0, 94.0, 93.0, 91.0, 94.0, 0.0, 95.0, 59.0, 72.0, 565000.0, 0.0, 75.0, 96.0, 33.0, 28.0, 26.0], [73.06060606060606, 27.242424242424242, 73.60606060606061, 62.36363636363637, 76.63636363636364, 66.9090909090909, 0.12121212121212122, 0.030303030303030304, 0.0, 0.0, 0.0, 63.696969696969695, 0.15151515151515152, 69.3030303030303, 66.75757575757575, 63.484848484848484, 0.48484848484848486, 0.12121212121212122, 0.15151515151515152, 0.18181818181818182, 73.27272727272727, 75.75757575757575, 0.0, 0.030303030303030304, 0.030303030303030304, 0.0, 0.06060606060606061, 0.030303030303030304, 0.06060606060606061, 0.06060606060606061, 0.030303030303030304, 0.0, 0.42424242424242425, 0.3333333333333333, 76.06060606060606, 69.57575757575758, 50.03030303030303, 0.5454545454545454, 68.84848484848484, 76.21212121212122, 0.0, 0.0, 0.06060606060606061, 0.030303030303030304, 0.030303030303030304, 0.0, 0.030303030303030304, 0.0, 0.15151515151515152, 0.0, 69.93939393939394, 0.6666666666666666, 0.12121212121212122, 0.030303030303030304, 75.06060606060606, 76.0, 68.54545454545455, 74.78787878787878, 71.51515151515152, 0.030303030303030304, 85.03030303030303, 73.27272727272727, 78.03030303030303, 219848.48484848486, 0.0, 65.72727272727273, 81.3030303030303, 50.93939393939394, 49.18181818181818, 44.42424242424242], [55.078369905956116, 25.08475145544111, 55.17006269592476, 42.57086878638603, 58.050548589341695, 42.591468875951634, 0.05245185848634124, 0.09813031795790417, 0.05222794446932378, 0.004086430810568742, 0.07635467980295567, 55.65785938199731, 0.11929019256605464, 45.291815942678014, 49.45499328257949, 52.085591133004925, 0.49888042991491266, 0.11178907299596955, 0.10826242722794446, 0.2559337214509628, 64.98634124496193, 64.58514330497088, 0.0011195700850873264, 0.07271607702642185, 0.035434393193013884, 0.0214397671294223, 0.013210927004030452, 0.0007277205553067622, 0.060288849081952534, 0.011307657859381997, 0.02071204657411554, 0.004366323331840573, 0.3518808777429467, 0.23096730855351544, 58.37606359158083, 63.87712718316167, 46.485557545902374, 0.5825123152709359, 46.80754590237349, 63.033307210031346, 0.0011195700850873264, 0.07126063591580833, 0.03605015673981191, 0.021271831616659204, 0.013658755038065382, 0.0007836990595611285, 0.061856247201074785, 0.011195700850873265, 0.019928347514554412, 0.0048141513658755035, 52.419167039856696, 0.766345723242275, 0.1216972682489924, 0.006885356023287058, 64.48477384684281, 53.068629646215854, 46.865819525302285, 63.35977384684281, 49.69368562472011, 0.06286386027765338, 61.477888490819524, 65.19883564711151, 75.25336775931747, 7426.164352888491, 0.010635915808329602, 48.30071652485446, 58.27938871473354, 47.08122480967309, 47.52810120913569, 45.51298701298701], [71.1027397260274, 26.94178082191781, 71.05479452054794, 56.14041095890411, 74.92123287671232, 58.43493150684932, 0.05821917808219178, 0.0821917808219178, 0.04452054794520548, 0.003424657534246575, 0.10273972602739725, 69.16780821917808, 0.08561643835616438, 58.657534246575345, 64.7568493150685, 64.04452054794521, 0.5205479452054794, 0.0821917808219178, 0.15753424657534246, 0.22602739726027396, 71.03767123287672, 72.01369863013699, 0.0, 0.07191780821917808, 0.04794520547945205, 0.03424657534246575, 0.017123287671232876, 0.0, 0.0547945205479452, 0.010273972602739725, 0.023972602739726026, 0.0, 0.3972602739726027, 0.2363013698630137, 74.86301369863014, 68.30479452054794, 61.64383561643836, 0.5513698630136986, 62.773972602739725, 72.83904109589041, 0.003424657534246575, 0.06164383561643835, 0.05136986301369863, 0.0273972602739726, 0.010273972602739725, 0.003424657534246575, 0.06164383561643835, 0.00684931506849315, 0.030821917808219176, 0.003424657534246575, 68.45890410958904, 0.7636986301369864, 0.10616438356164383, 0.0, 70.97602739726027, 69.95205479452055, 62.98972602739726, 70.84931506849315, 64.13356164383562, 0.05136986301369863, 79.5513698630137, 71.47945205479452, 77.13356164383562, 105828.76712328767, 0.010273972602739725, 60.157534246575345, 77.0582191780822, 60.60616438356164, 60.41095890410959, 57.417808219178085], [85.88235294117646, 28.764705882352942, 82.29411764705883, 78.6470588235294, 90.23529411764706, 75.17647058823529, 0.0, 0.0, 0.11764705882352941, 0.0, 0.0, 68.82352941176471, 0.29411764705882354, 78.82352941176471, 79.0, 67.23529411764706, 0.5882352941176471, 0.0, 0.0, 0.11764705882352941, 69.05882352941177, 75.17647058823529, 0.058823529411764705, 0.058823529411764705, 0.0, 0.11764705882352941, 0.0, 0.058823529411764705, 0.0, 0.0, 0.17647058823529413, 0.0, 0.23529411764705882, 0.23529411764705882, 86.70588235294117, 79.29411764705883, 60.1764705882353, 0.6470588235294118, 81.6470588235294, 81.88235294117646, 0.0, 0.0, 0.058823529411764705, 0.11764705882352941, 0.0, 0.0, 0.0, 0.058823529411764705, 0.0, 0.0, 80.6470588235294, 0.7647058823529411, 0.17647058823529413, 0.0, 78.94117647058823, 85.0, 82.3529411764706, 83.29411764705883, 82.76470588235294, 0.058823529411764705, 88.0, 70.76470588235294, 75.82352941176471, 340882.35294117645, 0.0, 76.0, 87.70588235294117, 58.64705882352941, 57.64705882352941, 52.23529411764706]], "total_size": 18207, "cat_names": [],