{
    "shifts": [
        47.31515351238534, 
        47.746086669962104, 
        58.65183720547042, 
        48.54978854286813, 
        0.010600318558796068, 
        45.70714560333938
    ], 
    "columns": [
        "col_69", 
        "col_70", 
        "col_68", 
        "col_67", 
        "Weight_LBS", 
        "col_71"
    ], 
    "inv_scales": [
        0.05027946072612796, 
        0.046177063955785885, 
        0.0875560314868975, 
        0.06376186690084705, 
        9.764336362215047, 
        0.046993288934522925
    ]
}