{"cluster_labels": ["node_9", "node_91", "node_92", "node_93", "node_94"], "proportions": [], "cluster_sizes": [1, 21, 9, 17928, 248], "levels": [], "num_names": ["Acceleration", "Age", "Aggression", "Agility", "Balance", "BallControl", "CAM", "CB", "CDM", "CF", "CM", "Composure", "Crossing", "Curve", "Dribbling", "FKAccuracy", "Finishing", "GK", "HeadingAccuracy", "Height", "Interceptions", "Jumping", "LAM", "LB", "LCB", "LCM", "LDM", "LF", "LM", "LS", "LW", "LWB", "Lean", "Left", "LongPassing", "LongShots", "Marking", "Normal", "Penalties", "Positioning", "RAM", "RB", "RCB", "RCM", "RDM", "RF", "RM", "RS", "RW", "RWB", "Reactions", "Right", "ST", "ShortPassing", "ShotPower", "SlidingTackle", "SprintSpeed", "Stamina", "StandingTackle", "Stocky", "Strength", "Vision", "Volleys", "Wage_Euro", "Weight_LBS"], "cluster_proportions": [[], [], [], [], []], "num_std_devs": [14.909099292619235, 4.66994271341433, 17.356208353371056, 14.750333371142844, 14.11837563195978, 16.668052073043057, 0.2232740500775215, 0.2968554166627343, 0.22217005254357705, 0.06362447698911605, 0.2659056271545303, 11.42125771369214, 18.347852634737578, 18.379389228590274, 18.89328964578064, 17.45576258212937, 19.510510187077795, 0.3144141962969187, 17.359445234375865, 13.647956613046276, 20.690902254554157, 11.80713770903577, 0.03394312124539923, 0.25950145351733866, 0.18527248518974998, 0.14568955800678932, 0.11475673797714367, 0.02869190524424738, 0.23775572325311456, 0.10602174793540027, 0.14314064624933598, 0.06531422237199068, 0.4777961990019995, 0.4216655515827379, 15.315058978676646, 19.24322203500501, 19.88883702327271, 0.493248042602678, 15.683355093022149, 19.51852050983597, 0.033943121245397535, 0.25667613674725104, 0.18718852220848853, 0.14496628695932115, 0.11591521640220799, 0.02963205785608879, 0.240679311667157, 0.10500405137375042, 0.14110269312197626, 0.06896238260694866, 8.998582467226166, 0.4233341695328317, 0.32670683336248413, 14.682632976268648, 17.222168410065482, 21.279634234439904, 14.631590577470293, 15.87566589673088, 21.65577267878033, 0.24227274200284288, 12.54119351118676, 14.130187575190597, 17.672994993652363, 21999.290405991298, 7.071811519177205], "cluster_num_averages": [[91.0, 31.0, 48.0, 91.0, 95.0, 96.0, 0.0, 0.0, 0.0, 0.0, 0.0, 96.0, 84.0, 93.0, 97.0, 94.0, 95.0, 0.0, 70.0, 173.74, 22.0, 68.0, 0.0, 0.0, 0.0, 0.0, 0.0, 0.0, 0.0, 0.0, 0.0, 0.0, 0.0, 1.0, 87.0, 94.0, 33.0, 0.0, 75.0, 94.0, 0.0, 0.0, 0.0, 0.0, 0.0, 1.0, 0.0, 0.0, 0.0, 0.0, 95.0, 0.0, 0.0, 90.0, 85.0, 26.0, 86.0, 72.0, 28.0, 0.0, 59.0, 94.0, 86.0, 565000.0, 72.10884353741497], [71.85714285714286, 28.095238095238095, 63.857142857142854, 74.52380952380952, 69.04761904761905, 77.61904761904762, 0.0, 0.0, 0.09523809523809523, 0.0, 0.0, 83.28571428571429, 65.9047619047619, 68.0, 73.28571428571429, 62.142857142857146, 69.47619047619048, 0.14285714285714285, 62.285714285714285, 183.1847619047619, 54.61904761904762, 71.38095238095238, 0.047619047619047616, 0.09523809523809523, 0.0, 0.047619047619047616, 0.09523809523809523, 0.0, 0.047619047619047616, 0.047619047619047616, 0.09523809523809523, 0.0, 0.3333333333333333, 0.3333333333333333, 71.33333333333333, 67.04761904761905, 53.04761904761905, 0.5714285714285714, 65.47619047619048, 72.04761904761905, 0.0, 0.0, 0.047619047619047616, 0.047619047619047616, 0.0, 0.0, 0.047619047619047616, 0.0, 0.0, 0.0, 86.0952380952381, 0.6666666666666666, 0.14285714285714285, 77.57142857142857, 71.04761904761905, 47.38095238095238, 72.23809523809524, 74.85714285714286, 50.76190476190476, 0.09523809523809523, 72.85714285714286, 77.9047619047619, 63.523809523809526, 265476.1904761905, 78.4796458265846], [83.33333333333333, 29.333333333333332, 68.22222222222223, 84.22222222222223, 79.22222222222223, 90.33333333333333, 0.0, 0.0, 0.0, 0.0, 0.0, 86.77777777777777, 82.33333333333333, 84.55555555555556, 85.33333333333333, 81.0, 80.66666666666667, 0.0, 68.22222222222223, 178.84888888888887, 59.44444444444444, 68.88888888888889, 0.0, 0.0, 0.0, 0.1111111111111111, 0.0, 0.1111111111111111, 0.0, 0.0, 0.1111111111111111, 0.0, 0.2222222222222222, 0.1111111111111111, 81.77777777777777, 85.11111111111111, 57.77777777777778, 0.6666666666666666, 79.0, 83.11111111111111, 0.0, 0.0, 0.1111111111111111, 0.2222222222222222, 0.0, 0.0, 0.0, 0.1111111111111111, 0.0, 0.0, 89.0, 0.8888888888888888, 0.2222222222222222, 86.66666666666667, 86.0, 51.77777777777778, 78.77777777777777, 83.66666666666667, 57.44444444444444, 0.0, 73.11111111111111, 84.33333333333333, 80.11111111111111, 378333.3333333333, 76.3920382968002], [64.50189647478804, 25.092536813922354, 55.69215751896475, 63.38280901383311, 63.88643462739848, 58.09833779562695, 0.05243195002231147, 0.09789156626506024, 0.05226461401160196, 0.004127621597501115, 0.07641677822400714, 58.34052878179384, 49.49888442659527, 46.917614904060684, 55.124163319946454, 42.61758143685854, 45.335229808121376, 0.11194779116465864, 52.10726238286479, 176.6887516733632, 46.514390896921014, 64.9987728692548, 0.0011155734047300313, 0.07279116465863454, 0.03541945560017849, 0.0214747880410531, 0.013275323516287373, 0.0007251227130745204, 0.06029674252565819, 0.011323070058009817, 0.020749665327978582, 0.004350736278447122, 0.35174029451137884, 0.23114680946006247, 52.46558456046408, 46.85720660419456, 47.10129406514949, 0.5826639892904953, 48.336958946898704, 49.737784471218205, 0.0011155734047300313, 0.071173583221776, 0.035921463632307006, 0.021363230700580098, 0.013665774207942882, 0.0007809013833110219, 0.06180276662204373, 0.011155734047300312, 0.01996876394466756, 0.004796965640339134, 61.53296519410977, 0.7661758143685855, 0.1216532797858099, 58.42090584560464, 55.22021419009371, 45.529730031236056, 64.60413877733154, 63.059906291834004, 47.548025435073626, 0.06286256135653726, 65.22060464078537, 53.1256135653726, 42.64050647032575, 7665.885765283356, 75.24763223708248], [71.97983870967742, 26.838709677419356, 69.90725806451613, 71.6975806451613, 69.23790322580645, 76.31048387096774, 0.07258064516129033, 0.09274193548387097, 0.036290322580645164, 0.0, 0.0967741935483871, 77.8991935483871, 66.04032258064517, 64.26612903225806, 72.5, 57.225806451612904, 60.05241935483871, 0.06048387096774194, 65.70564516129032, 178.37455645161288, 62.5, 71.91129032258064, 0.0, 0.06048387096774194, 0.05241935483870968, 0.03225806451612903, 0.012096774193548387, 0.004032258064516129, 0.05241935483870968, 0.012096774193548387, 0.024193548387096774, 0.0, 0.42338709677419356, 0.23387096774193547, 69.54838709677419, 64.23387096774194, 61.96774193548387, 0.532258064516129, 61.29032258064516, 65.5725806451613, 0.004032258064516129, 0.06048387096774194, 0.06451612903225806, 0.020161290322580645, 0.012096774193548387, 0.004032258064516129, 0.06048387096774194, 0.008064516129032258, 0.04838709677419355, 0.004032258064516129, 80.64516129032258, 0.7661290322580645, 0.10483870967741936, 76.18951612903226, 72.09677419354838, 58.25, 73.00806451612904, 73.95161290322581, 61.53629032258065, 0.04435483870967742, 71.54032258064517, 70.83064516129032, 60.03629032258065, 121770.16129032258, 76.87440567624903]], "total_size": 18207, "cat_names": [],