{"cluster_labels": ["cluster_0", "cluster_1", "cluster_2", "cluster_3", "cluster_4"], "proportions": [], "cluster_sizes": [85, 2747, 14481, 262, 632], "levels": [], "num_names": ["Acceleration", "Age", "Aggression", "Agility", "Balance", "BallControl", "CAM", "CB", "CDM", "CF", "CM", "Composure", "Crossing", "Curve", "Dribbling", "FKAccuracy", "Finishing", "GK", "HeadingAccuracy", "Height", "Interceptions", "Jumping", "LAM", "LB", "LCB", "LCM", "LDM", "LF", "LM", "LS", "LW", "LWB", "Lean", "Left", "LongPassing", "LongShots", "Marking", "Normal", "Penalties", "Positioning", "RAM", "RB", "RCB", "RCM", "RDM", "RF", "RM", "RS", "RW", "RWB", "Reactions", "Right", "ST", "ShortPassing", "ShotPower", "SlidingTackle", "SprintSpeed", "Stamina", "StandingTackle", "Stocky", "Strength", "Vision", "Volleys", "Wage_Euro", "Weight_LBS", "col_67", "col_68", "col_69", "col_70", "col_71"], "cluster_proportions": [[], [], [], [], []], "num_std_devs": [18.89328964578064, 4.66994271341433, 17.222168410065482, 17.45576258212937, 16.668052073043057, 17.672994993652363, 0.2232740500775215, 0.2968554166627343, 0.22217005254357705, 0.06362447698911605, 0.2659056271545303, 17.356208353371056, 0.32382112133150703, 19.510510187077795, 18.347852634737578, 17.359445234375865, 0.5000131817505173, 0.3144141962969187, 0.31167788545142144, 0.4359723990468393, 11.80713770903577, 14.631590577470293, 0.03394312124539923, 0.25950145351733866, 0.18527248518974998, 0.14568955800678932, 0.11475673797714367, 0.02869190524424738, 0.23775572325311456, 0.10602174793540027, 0.14314064624933598, 0.06531422237199068, 0.4777961990019995, 0.4216655515827379, 14.682632976268648, 14.11837563195978, 20.690902254554157, 0.493248042602678, 19.24322203500501, 15.87566589673088, 0.033943121245397535, 0.25667613674725104, 0.18718852220848853, 0.14496628695932115, 0.11591521640220799, 0.02963205785608879, 0.240679311667157, 0.10500405137375042, 0.14110269312197626, 0.06896238260694866, 15.315058978676646, 0.4233341695328317, 0.32670683336248413, 0.08224691527546694, 14.909099292619235, 14.130187575190597, 18.379389228590274, 14.750333371142844, 19.51852050983597, 0.24227274200284288, 8.998582467226166, 12.54119351118676, 7.075510907395019, 21999.290405991298, 0.10241351412981733, 15.683355093022149, 11.42125771369214, 19.88883702327271, 21.65577267878033, 21.279634234439904], "cluster_num_averages": [[76.85882352941177, 27.95294117647059, 75.87058823529412, 66.05882352941177, 80.88235294117646, 66.76470588235294, 0.058823529411764705, 0.058823529411764705, 0.058823529411764705, 0.0, 0.023529411764705882, 67.45882352941176, 0.17647058823529413, 67.82352941176471, 70.67058823529412, 65.54117647058824, 0.4588235294117647, 0.058823529411764705, 0.12941176470588237, 0.21176470588235294, 71.68235294117648, 75.2, 0.011764705882352941, 0.03529411764705882, 0.047058823529411764, 0.03529411764705882, 0.023529411764705882, 0.023529411764705882, 0.03529411764705882, 0.023529411764705882, 0.07058823529411765, 0.0, 0.3411764705882353, 0.29411764705882354, 79.97647058823529, 72.17647058823529, 60.129411764705885, 0.6, 70.25882352941177, 77.16470588235295, 0.011764705882352941, 0.047058823529411764, 0.07058823529411765, 0.047058823529411764, 0.011764705882352941, 0.011764705882352941, 0.023529411764705882, 0.011764705882352941, 0.09411764705882353, 0.0, 74.10588235294118, 0.7058823529411765, 0.10588235294117647, 0.011764705882352941, 75.14117647058823, 76.81176470588235, 71.76470588235294, 75.83529411764705, 71.58823529411765, 0.03529411764705882, 84.95294117647059, 71.78823529411764, 77.12941176470588, 226705.88235294117, 0.011764705882352941, 67.55294117647058, 82.49411764705883, 59.64705882352941, 58.8235294117647, 54.49411764705882], [64.26647251547142, 26.751001092100473, 64.65125591554423, 51.2533673097925, 67.49217327994175, 51.54750637058609, 0.058973425555151074, 0.07499089916272297, 0.053148889697852204, 0.005460502366217692, 0.060065526028394614, 63.12704768838733, 0.11940298507462686, 54.04987258827812, 58.66363305424099, 59.43065161994903, 0.4987258827812159, 0.06989443028758646, 0.11212231525300327, 0.2537313432835821, 67.86858390971969, 67.97415362213323, 0.0029122679286494356, 0.06297779395704405, 0.044048052420822714, 0.03203494721514379, 0.015289406625409537, 0.0014561339643247178, 0.06661812886785584, 0.019293775027302514, 0.02184200946487077, 0.006188569348380051, 0.3494721514379323, 0.2530032763014197, 67.18165271204951, 65.67965052784857, 53.33563887877685, 0.57408081543502, 57.045140152894064, 68.74153622133237, 0.004368401892974154, 0.06625409537677467, 0.04768838733163451, 0.029122679286494358, 0.02074990899162723, 0.002184200946487077, 0.0691663633054241, 0.017109574080815437, 0.021113942482708408, 0.005824535857298871, 61.17582817619221, 0.7469967236985803, 0.12122315253003277, 0.0072806698216235895, 67.81579905351292, 61.71605387695668, 56.79213687659264, 67.73025118310885, 58.737167819439385, 0.07644703312704769, 69.82635602475428, 69.13869676010194, 76.10811794685111, 20375.318529304695, 0.008736803785948308, 55.44193665817255, 67.71132144157262, 52.72297051328722, 53.54423006916636, 50.64433927921369], [52.763206960845245, 24.695117740487536, 52.8042952834749, 40.47904150265865, 55.68254954768317, 40.33126165320075, 0.05144672329259029, 0.10351495062495684, 0.05213728333678613, 0.003659968234237967, 0.08010496512671776, 53.74697879980664, 0.11974311166355915, 43.135073544644705, 47.19280436433948, 50.26282715282094, 0.4981009598784614, 0.1216766797873075, 0.10682963883709688, 0.2574407844762102, 64.22277467025758, 63.698363372695255, 0.0008286720530350114, 0.0746495407775706, 0.03328499413023962, 0.01899040121538568, 0.01291347282646226, 0.0006215040397762585, 0.05904288377874456, 0.009322560596643879, 0.020233409294938196, 0.004074304260755473, 0.3519093985222015, 0.22740142255369106, 56.15910503418272, 63.39389544920931, 44.74532145570058, 0.5845590774117809, 44.28734203438989, 61.593881638008426, 0.0005524480353566743, 0.07216352461846558, 0.03349216214349838, 0.019404737241903183, 0.011808576755748913, 0.0005524480353566743, 0.06049305987155583, 0.009460672605483047, 0.01899040121538568, 0.0046267522961121466, 50.24687521580002, 0.7692838892341689, 0.12195290380498584, 0.006560320419860507, 63.617153511497825, 50.899454457565085, 44.39969615358056, 62.24756577584421, 47.435605275878736, 0.06014777984945791, 59.341343829846004, 64.21303777363441, 75.00491928220052, 3158.3454181341067, 0.011187072715972654, 46.54623299495891, 55.88412402458394, 45.59629859816311, 46.01574476900767, 44.20488916511291], [70.50381679389314, 26.763358778625953, 70.59541984732824, 55.267175572519086, 74.24809160305344, 58.02290076335878, 0.061068702290076333, 0.07633587786259542, 0.04198473282442748, 0.003816793893129771, 0.10687022900763359, 68.92748091603053, 0.08015267175572519, 58.43893129770992, 64.00381679389314, 63.76335877862596, 0.5419847328244275, 0.08778625954198473, 0.15267175572519084, 0.21755725190839695, 70.99236641221374, 71.6030534351145, 0.0, 0.07633587786259542, 0.04580152671755725, 0.03435114503816794, 0.019083969465648856, 0.0, 0.05725190839694656, 0.011450381679389313, 0.019083969465648856, 0.0, 0.4083969465648855, 0.22900763358778625, 74.16412213740458, 68.07251908396947, 60.347328244274806, 0.5343511450381679, 62.49236641221374, 72.38167938931298, 0.0, 0.05343511450381679, 0.04580152671755725, 0.026717557251908396, 0.011450381679389313, 0.003816793893129771, 0.06870229007633588, 0.007633587786259542, 0.022900763358778626, 0.003816793893129771, 67.61832061068702, 0.7709923664122137, 0.11450381679389313, 0.0, 70.70229007633588, 69.51908396946565, 62.18702290076336, 70.62595419847328, 63.961832061068705, 0.05725190839694656, 79.0, 71.5381679389313, 77.13358778625954, 97416.03053435114, 0.007633587786259542, 59.49618320610687, 76.52671755725191, 59.43129770992366, 59.19465648854962, 56.26335877862596], [68.10284810126582, 26.76740506329114, 68.06645569620254, 52.69462025316456, 